<?xml version="1.0" encoding="UTF-8"?>
<!DOCTYPE suite SYSTEM "https://testng.org/testng-1.0.dtd">
<suite name="Suite">
	<listeners>
		<listener class-name="utilities.ExtentReportManager"></listener>
	</listeners>
	
	<test thread-count="5" name="Test">
		<parameter name="os" value="windows" />
		<parameter name="browser" value="chrome" />
		
		<classes>
			<class name="testCases.TC001_AccountRegestrationTest" />
			<class name="testCases.TC002_LoginTest" />
			<class name="testCases.TC003_LogoutTest" />
		</classes> 
	</test> 
</suite> 
